City_ID,City,Country,Date,Latitude,Longitude,Cloudiness (%),Humidity (%),Max Temp (F),Wind Speed (mph)
0,maroantsetra,PN,2023-10-30 06:11:24,-25.066,-130.1015,100,80,72.89600000000004,4.21
1,wailua homesteads,RU,2023-10-30 06:11:24,61.5071,38.9456,68,74,27.26600000000001,2.55
2,ciacova,MP,2023-10-30 06:11:25,15.1355,145.701,0,78,83.37200000000004,5.66
3,bilibino,ZA,2023-10-30 06:11:25,-34.5322,20.0403,0,39,67.60399999999996,10.48
4,sierra grande,MH,2023-10-30 06:11:25,11.2278,169.8474,100,84,82.85,9.8
5,constantia,EC,2023-10-30 06:07:56,-0.95,-80.7333,40,83,77.05399999999995,3.6
6,port-aux-francais,US,2023-10-30 06:11:26,41.3712,-73.414,100,89,50.63000000000004,2.06
7,cargados carajos,US,2023-10-30 06:11:26,42.6001,-73.9662,100,94,48.07400000000001,2.24
8,hithadhoo,MX,2023-10-30 06:11:27,23,-99.7167,100,95,64.868,2.03
9,chonchi,CN,2023-10-30 06:11:27,30.3,109.4833,2,76,65.174,0.17
10,qaqortoq,CA,2023-10-30 06:11:27,55.7435,-97.8558,100,77,21.70399999999995,4
11,stanley,EH,2023-10-30 06:11:27,23.6848,-15.958,3,80,70.68200000000002,4.6
12,grytviken,CA,2023-10-30 06:11:28,56.2499,-120.8529,100,92,21.848000000000024,1.25
13,whitehorse,UZ,2023-10-30 06:10:22,40.1333,63.45,67,29,80.24000000000002,3.33
14,kalach-na-donu,CA,2023-10-30 06:10:02,62.456,-114.3525,30,98,18.680000000000042,2.68
15,greenfield,NO,2023-10-30 06:11:29,69.6496,18.957,75,93,26.888000000000044,4.12
16,adamstown,CA,2023-10-30 06:11:29,63.7506,-68.5145,89,78,9.967999999999982,5.36
17,oistins,US,2023-10-30 06:11:29,21.9789,-159.3672,40,77,76.85600000000002,2.06
18,vadso,PE,2023-10-30 06:11:29,-13.7,-76.2167,40,88,64.72400000000002,1.03
19,devinuwara,LV,2023-10-30 06:11:30,57.5,22.8167,100,95,46.688000000000045,5.27
20,taiohae,,,,,,,,
21,buka,CC,2023-10-30 06:11:30,-12.1568,96.8225,75,78,82.65199999999999,7.2
22,cairns city,GS,2023-10-30 06:11:31,-54.2811,-36.5092,100,99,38.82200000000004,4.69
23,talnakh,US,2023-10-30 06:11:31,64.8569,-147.8028,75,89,26.81600000000001,0
24,tyumen,AU,2023-10-30 06:10:45,-31.95,141.4333,43,30,72.31999999999996,5.4
25,yellowknife,AU,2023-10-30 06:11:32,-20.7377,116.8463,73,41,86.64800000000002,6.41
26,coquimbo,NZ,2023-10-30 06:11:32,-46.5619,169.4708,3,93,48.667999999999985,2.78
27,rabaul,CL,2023-10-30 06:11:33,-53.15,-70.9167,47,50,33.38599999999997,3.94
28,enewetak,MG,2023-10-30 06:11:33,-25.0319,46.9987,44,64,81.46400000000003,3.58
29,queenstown,ZA,2023-10-30 06:11:34,-34.4187,19.2345,0,42,66.79399999999998,9.6
30,yaren,TN,2023-10-30 06:11:34,35.5047,11.0622,92,36,82.61600000000001,8.16
31,saipan,IN,2023-10-30 06:11:34,11.7,92.7167,40,74,86.35999999999999,4.12
32,afaahiti,AU,2023-10-30 06:11:35,-33.95,115.0667,5,63,59.233999999999995,6.89
33,karratha,GR,2023-10-30 06:11:35,39.62,19.9197,20,73,76.08200000000002,2.06
34,atafu village,US,2023-10-30 06:11:36,21.6477,-157.9253,24,77,78.38599999999997,1.34
35,st. john's,RU,2023-10-30 06:11:36,64.5667,143.2,99,96,4.046000000000049,1
36,port mathurin,US,2023-10-30 06:11:36,19.6228,-155.9522,0,76,75.308,3.13
37,petropavlovsk-kamchatsky,IN,2023-10-30 06:11:36,14.4167,74.4,99,69,85.58599999999997,1.48
38,'ohonua,RU,2023-10-30 06:11:36,53.0452,158.6483,75,59,37.72400000000001,1.34
39,princeville,EC,2023-10-30 06:11:37,-0.7393,-90.3518,97,93,74.82200000000003,2.24
40,la'ie,CL,2023-10-30 06:11:37,-22.092,-70.1979,97,65,64.45399999999995,2.12
41,ribeira grande,,,,,,,,
42,ust-nera,RU,2023-10-30 06:11:38,68.0546,166.4372,29,80,-8.859999999999978,1.88
43,inongo,US,2023-10-30 06:09:30,33.7456,-117.8678,0,13,69.81799999999998,5.14
44,invercargill,US,2023-10-30 06:11:38,57.0531,-135.33,100,66,48.36199999999995,7.2
45,weno,ID,2023-10-30 06:11:38,-2.0833,101.3833,84,85,71.90600000000003,0.85
46,mahina,MX,2023-10-30 06:11:39,18.7,-103.6583,50,93,77.45,1.4
47,tazovsky,,,,,,,,
48,jamestown,SH,2023-10-30 06:11:39,-37.0676,-12.3116,71,70,52.44800000000002,13.68
49,sarmiento,MY,2023-10-30 06:08:22,2.3,111.8167,100,95,77.9,0.17
50,isafjordur,KZ,2023-10-30 06:11:06,49.7386,84.2719,100,100,35.096000000000046,0.76
51,kone,PT,2023-10-30 06:11:40,38.5167,-28.7,40,72,63.266000000000005,2.06
52,kristiansund,SJ,2023-10-30 06:08:54,78.2186,15.6401,75,80,24.908000000000005,4.12
53,kodiak,NO,2023-10-30 06:11:41,70.6634,23.6821,40,86,32.719999999999956,5.66
54,colonia,BR,2023-10-30 06:11:41,-23.9631,-46.3919,96,26,81.53599999999997,0.89
55,willebadessen,UY,2023-10-30 06:11:42,-32.35,-57.2,97,91,66.21799999999999,5.04
56,udachny,CA,2023-10-30 06:11:42,60.7161,-135.0538,100,92,32.35999999999998,6.71
57,anadyr,VU,2023-10-30 06:11:43,-13.8833,167.55,74,82,79.43000000000004,7
58,san pedro pochutla,BR,2023-10-30 06:11:43,-10.4056,-36.4344,100,63,78.69200000000001,4.76
59,copiapo,CL,2023-10-30 06:11:43,-51.7236,-72.4875,100,86,34.51999999999996,4.12
60,jaisalmer,CA,2023-10-30 06:11:43,48.9667,-57.9484,56,66,35.311999999999955,3.77
61,derbent,,,,,,,,
62,iskateley,SJ,2023-10-30 06:11:44,70.9221,-8.7187,100,68,33.56600000000001,4.01
63,ad dawadimi,RU,2023-10-30 06:11:44,67.6713,53.087,100,94,20.372000000000035,6.71
64,nelson bay,CI,2023-10-30 06:11:45,8.3667,-4.4333,0,54,88.71799999999999,1.45
65,prairie du chien,,,,,,,,
66,nemuro,CN,2023-10-30 06:11:45,42.9333,89.1667,60,24,70.30399999999995,0.77
67,holualoa,AZ,2023-10-30 06:11:45,39.1196,48.5936,26,39,73.45399999999995,6.56
68,kavaratti,ER,2023-10-30 06:11:46,13.0092,42.7394,91,62,85.92799999999997,10.46
69,iqaluit,ZM,2023-10-30 06:11:46,-17.4759,24.2968,75,27,93.86600000000001,6.13
70,mineiros,GL,2023-10-30 06:11:46,69.2167,-51.1,75,56,37.688000000000045,7.72
71,mogocha,,,,,,,,
72,mawlamyinegyunn,PG,2023-10-30 06:11:47,-9.0763,143.2092,100,84,77.71999999999997,6.91
73,albany,LA,2023-10-30 06:09:22,19.45,103.2167,79,90,68.30600000000004,1.64
74,olonkinbyen,US,2023-10-30 06:11:47,22.0669,-159.378,40,90,76.26199999999996,2.06
75,hongqiao,CL,2023-10-30 06:11:47,-29.9533,-71.3436,100,83,59.21600000000001,2.01
76,peniche,AU,2023-10-30 06:11:48,-43.0167,147.3167,63,61,52.196000000000055,0.45
77,ilulissat,FM,2023-10-30 06:11:48,7.4515,151.8468,80,80,83.04800000000003,6.04
78,ocos,RU,2023-10-30 06:11:48,69.2551,33.3362,100,93,22.622000000000035,5.55
79,damongo,NE,2023-10-30 06:11:48,17.0187,8.0168,1,8,94.40600000000003,6.63
80,tvoroyri,MX,2023-10-30 06:10:29,22.8909,-109.9124,0,80,76.78399999999999,3.21
81,roma,AO,2023-10-30 06:11:49,-6.267,14.2401,41,48,90.95,1
82,waitangi,ID,2023-10-30 06:11:49,1.4792,124.9735,40,74,81.71600000000001,2.06
83,ushuaia,,,,,,,,
84,ta`u,GU,2023-10-30 06:11:50,13.2658,144.6691,15,88,84.2,4.81
85,san patricio,NZ,2023-10-30 06:08:33,-46.4,168.35,10,90,51.29600000000005,1.79
86,west island,PW,2023-10-30 06:11:50,8.0823,134.7173,34,73,84.18200000000002,3.51
87,"laikit, laikit ii (dimembe)",GL,2023-10-30 06:11:50,60.7167,-46.0333,100,59,43.05199999999998,11.29
88,blackmans bay,IS,2023-10-30 06:11:51,66.0755,-23.124,40,93,32.306000000000026,1.03
89,puerto natales,RU,2023-10-30 06:11:51,67.6803,53.1512,100,94,20.282000000000018,6.71
90,bethel,MH,2023-10-30 06:11:51,4.582,168.6964,33,75,83.858,3.69
91,kilju,GB,2023-10-30 06:11:51,57.5058,-1.7981,30,69,45.266000000000005,6.18
92,papatowai,AR,2023-10-30 06:11:52,-54.8,-68.3,100,96,31.92799999999996,9.26
93,huarmey,SR,2023-10-30 06:11:52,5.8833,-55.0833,20,89,79.41199999999995,0
94,homer,MU,2023-10-30 06:11:52,-19.6833,63.4167,5,78,77.576,5.82
95,port elizabeth,IN,2023-10-30 06:11:53,22.3167,69.6,23,32,90.78800000000004,4.82
96,kingston,TF,2023-10-30 06:11:53,-49.35,70.2167,71,60,36.05,14.46
97,filey,PL,2023-10-30 06:11:54,52.2294,20.2384,68,71,62.438000000000045,4.66
98,omsk,PF,2023-10-30 06:11:54,-17.75,-149.2833,45,83,75.34399999999997,7.74
99,iskushuban,RU,2023-10-30 06:09:02,66.4167,112.4,100,96,-0.5980000000000274,3.84
100,tiksi,KZ,2023-10-30 06:11:54,50.565,72.5692,55,72,49.38800000000005,8.44
101,port alfred,PH,2023-10-30 06:11:55,7.9868,117.0645,91,76,83.87599999999999,5.07
102,yichang,CO,2023-10-30 06:11:55,12.5847,-81.7006,20,100,77.28800000000004,0
103,huanan,ID,2023-10-30 06:11:56,-6.9875,106.5514,27,67,85.26199999999996,3.77
104,tazacorte,RU,2023-10-30 06:11:56,43.6703,39.6689,0,60,70.01600000000002,2.12
105,barrouallie,IE,2023-10-30 06:11:56,52.2704,-9.7026,75,93,50.522000000000034,0
106,pocinhos,MZ,2023-10-30 06:11:57,-11.3167,40.35,85,56,88.06999999999996,5.35
107,nabire,AO,2023-10-30 06:09:14,-15.1961,12.1522,1,61,77.18000000000004,5.44
108,egilsstadir,CL,2023-10-30 06:11:57,-30.6919,-70.9467,100,59,60.96199999999996,0.59
109,acton vale,RU,2023-10-30 06:11:58,52.9306,158.4028,73,72,39.2,3.43
110,auki,JP,2023-10-30 06:11:58,35.7333,140.8333,0,56,63.266000000000005,5.98
111,kununurra,AU,2023-10-30 06:11:58,-28.8667,153.5667,0,77,68.37799999999996,7.91
112,kotlas,ID,2023-10-30 06:11:58,-3.3667,135.4833,100,89,78.51199999999996,0.88
113,kendari,KI,2023-10-30 06:11:59,1.419,172.984,40,74,86.35999999999999,1.54
114,namtsy,RO,2023-10-30 06:11:59,44.1833,28.65,5,55,77.97200000000004,5.2
115,thompson,AU,2023-10-30 06:11:59,-23.1333,150.7333,5,69,71.65399999999995,4.42
116,matthew town,,,,,,,,
117,codrington,EH,2023-10-30 06:12:00,27.1622,-13.2032,46,42,76.35199999999998,2.43
118,otjimbingwe,NA,2023-10-30 06:12:00,-21.4333,15.9333,4,7,91.61600000000001,3.49
119,lihue,US,2023-10-30 06:12:00,37.6792,-95.4572,0,74,31.15399999999995,3.09
120,mabaruma,US,2023-10-30 06:12:00,57.79,-152.4072,100,100,46.18399999999999,4.63
121,tralee,NA,2023-10-30 06:12:01,-26.6481,15.1594,1,51,69.70999999999998,4.2
122,longyearbyen,NZ,2023-10-30 06:12:01,-43.9535,-176.5597,51,86,52.08800000000005,2.24
123,edinburgh of the seven seas,CN,2023-10-30 06:12:01,49.2833,120.7333,68,21,29.498000000000026,1.16
124,karasu,LY,2023-10-30 06:12:02,32.3754,15.0925,14,49,80.05999999999997,4.48
125,alice springs,,,,,,,,
126,trindade,RU,2023-10-30 06:12:02,63.1994,75.4507,33,83,14.503999999999952,6.71
127,fort st. john,CK,2023-10-30 06:07:30,-21.2078,-159.775,40,73,71.924,3.6
128,tipasa,MY,2023-10-30 06:12:03,2.4312,103.8405,92,75,83.42599999999999,0.69
129,khandyga,CN,2023-10-30 06:12:03,50.2441,127.4902,4,37,32.719999999999956,3.86
130,kirensk,ES,2023-10-30 06:12:03,28.629,-17.9293,20,94,76.44200000000001,1.03
131,talcahuano,US,2023-10-30 06:12:04,35.139,-79.006,0,95,64.50800000000001,3.6
132,nguigmi,CL,2023-10-30 06:12:05,-33.0393,-71.6273,0,93,51.70999999999998,2.06
133,katsuura,RU,2023-10-30 06:12:05,62.5206,65.5964,73,81,18.23000000000004,3.7
134,cidreira,BR,2023-10-30 06:12:05,-12.7406,-60.1458,49,72,73.184,0.86
135,azuaga,,,,,,,,
136,charters towers,FO,2023-10-30 06:12:06,62.2266,-6.589,100,59,40.38800000000005,8.48
137,heroica caborca,AU,2023-10-30 06:12:07,-32.5,137.7667,4,64,59.917999999999985,9.62
138,hurricane,RU,2023-10-30 06:12:07,60.3736,120.4264,37,62,19.201999999999977,1.86
139,ormond-by-the-sea,RU,2023-10-30 06:11:58,50.4827,37.8563,43,62,58.567999999999984,6.82
140,faya-largeau,AU,2023-10-30 06:12:07,-28.7667,114.6,0,72,66.88399999999999,11.83
141,ziro,IS,2023-10-30 06:12:08,64.0049,-22.5624,75,75,41.70199999999998,5.14
142,nagqu,CL,2023-10-30 06:12:08,-25.4,-70.4833,0,69,62.24000000000002,1.91
143,margaret river,AU,2023-10-30 06:12:08,-37.65,145.5167,91,97,59.25199999999998,0.56
144,pokhara,GB,2023-10-30 06:12:09,54.868,-1.6985,75,91,47.55199999999998,4.63
145,geraldton,RU,2023-10-30 06:12:09,67.5833,63.95,52,96,1.5080000000000027,2.12
146,hawaiian paradise park,CO,2023-10-30 06:12:10,2.1019,-78.7217,100,87,78.13399999999999,4
147,coxen hole,RU,2023-10-30 06:12:10,61.0393,30.1291,89,74,39.38000000000004,2.35
148,kemer,NO,2023-10-30 06:12:10,70.0744,29.7487,40,80,25.232000000000017,6.17
149,sola,MG,2023-10-30 06:12:10,-12.2787,49.2917,43,55,86.97200000000004,8.29
150,saint-gilles-croix-de-vie,PT,2023-10-30 06:12:11,37.7333,-25.6667,20,82,63.464000000000034,1.54
151,punta arenas,RE,2023-10-30 06:12:11,-21.3585,55.7679,46,82,84.05600000000004,5.69
152,uturoa,PE,2023-10-30 06:12:11,-11.0925,-77.6267,72,91,65.91199999999995,4.38
153,ende,RU,2023-10-30 06:12:11,51.485,104.8461,27,61,32.108000000000004,1.76
154,aripuana,US,2023-10-30 06:12:12,39.1834,-84.5333,100,95,47.65999999999998,5.66
155,okhotsk,KZ,2023-10-30 06:12:12,53.0675,76.1036,100,100,34.411999999999956,2.32
156,vingt cinq,GB,2023-10-30 06:12:12,60.1545,-1.1494,21,59,44.86999999999996,11.51
157,ilha de mocambique,AO,2023-10-30 06:12:12,-14.9172,13.4925,6,17,84.61400000000003,1.22
158,marina di andora,PL,2023-10-30 06:12:13,52.2545,18.9135,70,59,60.33200000000002,5.4
159,buta,US,2023-10-30 06:12:13,64.8,-147.5333,100,91,26.74399999999997,0
160,juneau,TH,2023-10-30 06:12:14,16.25,101.0833,100,90,77.84600000000006,2.06
161,kota bharu,US,2023-10-30 06:12:14,41.1501,-82.5499,100,94,46.18399999999999,5.63
162,luderitz,AU,2023-10-30 06:12:14,-24.8667,113.6333,0,71,70.86199999999997,12.1
163,vila franca do campo,JP,2023-10-30 06:12:14,34.7,137.7333,0,67,63.28399999999999,0.45
164,luau,,,,,,,,
165,sinabang,RU,2023-10-30 06:12:15,51.1167,133.0167,100,93,33.8,3.68
166,i-n-salah,AO,2023-10-30 06:09:14,-11.7833,19.9167,92,30,91.058,1.77
167,kasongo-lunda,BR,2023-10-30 06:12:15,-20.3297,-40.2925,0,69,79.01600000000002,5.14
168,vernon,US,2023-10-30 06:12:16,35.5641,-121.0808,12,35,62.33000000000004,2.24
169,carnarvon,MG,2023-10-30 06:12:16,-17.6848,49.5087,5,56,86.25199999999998,3.87
170,vilyuchinsk,US,2023-10-30 06:12:16,22.0752,-159.319,40,88,77.59399999999997,2.06
171,avarua,CD,2023-10-30 06:12:17,-6.4667,16.8167,38,44,92.13800000000005,1.43
172,mar del plata,CA,2023-10-30 06:12:17,47.5649,-52.7093,11,65,39.056000000000026,6.26
173,masterton,SR,2023-10-30 06:12:17,4.75,-55.1667,49,89,76.00999999999999,3.34
174,adrar,ZA,2023-10-30 06:12:18,-33.5906,26.891,88,55,67.44200000000001,3.58
175,necochea,TH,2023-10-30 06:12:18,9.0302,98.9529,100,83,85.28000000000004,2.77
176,ketchikan,ID,2023-10-30 06:12:18,-9.6567,120.2641,75,75,82.04000000000002,3.73
177,waddan,GM,2023-10-30 06:12:18,13.2019,-16.7339,40,84,84.542,0
178,georgetown,CA,2023-10-30 06:12:19,49.1919,-98.1014,50,90,23.108000000000004,6.09
179,vorgashor,MW,2023-10-30 06:12:19,-14.3779,34.3332,47,34,80.65399999999995,4.54
180,conception bay south,MH,2023-10-30 06:12:19,10.2753,170.8646,100,83,82.79600000000005,9.7
181,sambalpur,US,2023-10-30 06:12:19,34.2576,-88.7034,100,60,59.377999999999965,6.71
182,moravsky krumlov,ZA,2023-10-30 06:12:19,-33.918,25.5701,30,57,64.58000000000004,8.94
183,safotu,PE,2023-10-30 06:12:20,-10.0681,-78.1522,98,90,66.55999999999997,3.98
184,ar rass,JP,2023-10-30 06:12:20,43.3236,145.575,0,65,49.33399999999999,1.75
185,concepcion del uruguay,RU,2023-10-30 06:12:20,52.2667,79.1667,100,97,42.98000000000004,1.81
186,bannu,PH,2023-10-30 06:12:20,18.3333,121.6167,76,79,79.15999999999998,3.97
187,ola,IT,2023-10-30 06:12:20,37.9222,15.7714,10,61,80.56400000000004,7.2
188,seogwipo,SK,2023-10-30 06:12:21,48.2437,18.3085,99,65,66.95600000000003,5.59
189,kerikeri,GR,2023-10-30 06:12:21,35.2,26.0986,54,74,73.13000000000005,2.76
190,utrik,FR,2023-10-30 06:12:21,45.5549,-0.8967,100,76,57.25399999999995,6.42
191,susuman,GB,2023-10-30 06:12:21,51.3813,1.3862,100,90,59.161999999999956,7.34
192,guerrero negro,NZ,2023-10-30 06:12:22,-41.1333,173.0167,100,73,56.48000000000005,1.57
193,concepcion del oro,GH,2023-10-30 06:12:22,5.0898,-1.348,15,75,84.72200000000004,2.1
194,dunedin,AR,2023-10-30 06:12:22,-27.5819,-66.3165,0,31,69.31400000000004,3.15
195,molchanovo,RU,2023-10-30 06:12:23,71.6872,128.8694,95,100,-1.7320000000000206,3.12
196,fale old settlement,IN,2023-10-30 06:12:23,25.5198,90.2201,6,76,78.87200000000004,1.01
197,mazagao,CA,2023-10-30 06:10:15,50.9832,-118.2023,13,55,33.65600000000003,0.71
198,maevatanana,CN,2023-10-30 06:12:23,50.7833,121.5167,52,36,22.351999999999975,0.84
199,saudarkrokur,RU,2023-10-30 06:12:23,62.7833,148.1667,65,97,2.2460000000000484,0.45
200,dryden,,,,,,,,
201,haiku-pauwela,MA,2023-10-30 06:12:24,29.82,-5.72,100,23,79.71799999999999,7.19
202,ebon,IR,2023-10-30 06:10:55,28.7519,54.5444,98,33,80.29399999999998,3.47
203,bayanhongor,MY,2023-10-30 06:11:01,5.4112,100.3354,20,70,87.99800000000002,3.09
204,newman,RU,2023-10-30 06:12:25,53.75,127.2667,37,53,28.75999999999998,4.3
205,ahwa,ST,2023-10-30 06:12:25,0.3365,6.7273,70,74,82.75999999999999,1.57
206,iron mountain,DZ,2023-10-30 06:12:26,22.785,5.5228,0,16,80.78000000000004,2.57
207,atar,NZ,2023-10-30 06:12:26,-45.8742,170.5036,20,88,54.067999999999984,3.13
208,ampere,ML,2023-10-30 06:12:26,16.4145,-3.6708,32,12,96.81799999999998,3.76
209,fortuna,RU,2023-10-30 06:12:27,64.75,177.4833,100,100,32.774000000000015,10.73
210,malaya vishera,CD,2023-10-30 06:12:27,-0.2167,20.8667,75,42,94.56799999999998,1.41
211,sefwi wiawso,RU,2023-10-30 06:12:27,56.3161,116.0806,8,48,17.29399999999997,0.97
212,jiangyou,TZ,2023-10-30 06:12:28,-7.6036,37.0044,99,49,88.96999999999997,2.83
213,kayenta,AU,2023-10-30 06:12:28,-37.8333,140.7667,69,89,48.524000000000015,7.37
214,miyaly,CA,2023-10-30 06:12:28,48.1446,-80.0377,100,70,29.533999999999992,1.51
215,kolwezi,PT,2023-10-30 06:12:29,37.7167,-25.4333,100,99,63.158,2.02
216,tchintabaraden,PT,2023-10-30 06:12:29,38.7333,-27.0667,99,87,60.02599999999999,2.4
217,launceston,,,,,,,,
218,tura,CN,2023-10-30 06:12:29,37.0997,79.9269,3,11,74.37200000000004,3.1
219,mossel bay,MG,2023-10-30 06:11:29,-18.7667,46.0333,20,33,89.6,1
220,hun,US,2023-10-30 06:12:31,28.017,-97.5169,94,65,50.108000000000004,9.71
221,sovetskiy,RU,2023-10-30 06:12:32,69.4865,88.3972,98,94,-0.5259999999999891,2.43
222,khovd,AF,2023-10-30 06:12:33,32.25,67.25,0,18,71.6,3.95
223,minas de marcona,RU,2023-10-30 06:11:46,58.2,68.2667,99,70,24.872000000000035,3.58
224,arno,UY,2023-10-30 06:12:34,-34.1667,-53.8333,84,97,62.29399999999997,1.69
225,anastasiyevskaya,RU,2023-10-30 06:12:34,57.3206,107.0881,99,58,21.23599999999997,1.12
226,happy valley-goose bay,MG,2023-10-30 06:12:34,-18.95,49.1,10,59,84.77599999999998,5.1
227,la ronge,MV,2023-10-30 06:12:34,6.6221,73.07,100,76,80.07799999999997,2.14
228,beatrice,NZ,2023-10-30 06:12:35,-35.2268,173.9474,98,95,63.17599999999999,0.45
229,chui,KP,2023-10-30 06:12:35,42.1092,129.7,75,68,54.68000000000004,1.13
230,male,US,2023-10-30 06:12:35,31.3224,-92.4343,100,89,59.14399999999998,5.66
231,badger,CD,2023-10-30 06:12:35,-5.9475,29.1947,68,58,81.98599999999996,3.15
232,vuktyl,PF,2023-10-30 06:12:36,-16.7333,-151.4333,1,79,79.32200000000003,7.49
233,pacific grove,HN,2023-10-30 06:12:36,16.3244,-86.5366,35,67,80.924,1.29
234,yorosso,PY,2023-10-30 06:12:36,-22.3667,-59.8167,66,47,85.65800000000002,5.26
235,nafplio,BR,2023-10-30 06:12:36,-15.5961,-56.0967,0,74,80.79800000000003,3.09
236,guiria,JM,2023-10-30 06:00:33,17.997,-76.7936,20,87,81.82400000000001,3.09
237,vega de alatorre,BR,2023-10-30 06:12:37,-22.9661,-42.0278,75,94,75.326,2.57
238,puerto san carlos,RU,2023-10-30 06:12:37,65.85,74.4859,11,94,9.356000000000027,1.46
239,cabedelo,PE,2023-10-30 06:12:38,-16.6228,-72.7111,57,89,65.51600000000002,3.93
240,agat village,MN,2023-10-30 06:12:38,48.0056,91.6419,42,54,40.44199999999999,1.18
241,bredasdorp,CA,2023-10-30 06:12:38,55.1001,-105.2842,40,86,19.885999999999967,4.12
242,shakawe,PA,2023-10-30 06:12:38,9.3333,-82.25,100,79,72.26600000000002,1.21
243,kattivakkam,RU,2023-10-30 06:11:28,46.0497,38.1747,50,48,65.48000000000005,3.29
244,lycksele,RU,2023-10-30 06:12:39,53.1873,158.3805,75,100,39.07400000000001,1
245,al ghayzah,US,2023-10-30 06:10:01,47.0166,-113.8009,8,88,10.111999999999956,0.76
246,hadibu,CD,2023-10-30 06:10:06,0.15,29.2833,20,44,78.15199999999999,1.82
247,chany,IS,2023-10-30 06:12:40,63.9331,-20.9971,53,74,30.308000000000003,3.13
248,severo-yeniseyskiy,SD,2023-10-30 06:12:40,19.1667,30.4833,0,17,99.91400000000003,5.01
249,ar rutbah,ES,2023-10-30 06:12:40,39.8138,-0.4521,100,55,69.476,7.03
250,aasiaat,CX,2023-10-30 06:12:40,-10.4217,105.6791,75,83,80.54600000000005,4.63
251,gadzhiyevo,ZA,2023-10-30 06:12:41,-33.0153,27.9116,80,50,64.00399999999996,6.38
252,cherdyn',PG,2023-10-30 06:12:41,-7.9631,145.7785,100,92,78.29600000000005,3.08
253,remire-montjoly,MM,2023-10-30 06:11:38,22.5667,95.7,62,71,83.33599999999997,2.66
254,lompoc,CA,2023-10-30 06:12:40,48.4001,-89.3168,75,86,21.380000000000038,1.54
255,sao joao da barra,TK,2023-10-30 06:12:42,-9.3852,-171.2468,21,74,84.21799999999999,7.18
256,daru,MZ,2023-10-30 06:07:52,-12.974,40.5178,59,70,82.59800000000003,4.9
257,chishmy,BR,2023-10-30 06:12:43,-8.0736,-37.2644,9,63,72.44600000000005,4.5
258,manacapuru,MR,2023-10-30 06:12:43,20.5169,-13.0499,1,11,93.81199999999995,0.58
259,nogliki,SD,2023-10-30 06:12:43,13.6017,26.6876,43,14,95.576,6.91
260,bodaybo,IT,2023-10-30 06:12:44,45.5459,11.2796,100,85,65.858,0.89
261,salavan,NO,2023-10-30 06:12:44,69.9689,23.2717,75,84,22.532000000000018,0
262,tecolots,ID,2023-10-30 06:12:44,0.9167,104.45,38,66,86.30600000000004,2.58
263,starkville,MN,2023-10-30 06:12:44,47.3194,110.6556,97,95,29.35399999999995,2.76
264,hermanus,LY,2023-10-30 06:12:45,25.9155,13.9184,0,21,84.07400000000001,4.72
265,sergeyevka,MN,2023-10-30 06:12:45,43.5708,104.425,57,33,51.63800000000005,7.17
266,kitimat,CN,2023-10-30 06:12:45,43.9667,116.0333,100,27,57.57799999999996,8.67
267,al kharijah,RU,2023-10-30 06:12:45,57.7053,55.5894,100,94,30.182000000000016,1.35
268,tommot,KZ,2023-10-30 06:12:46,45.4878,64.0781,100,51,60.76400000000004,5.62
269,port isabel,CA,2023-10-30 06:12:46,49.9168,-74.3659,100,92,28.291999999999994,2.35
270,dumai,CL,2023-10-30 06:12:46,-37.6167,-73.65,93,59,46.79600000000005,1.64
271,usinsk,SO,2023-10-30 06:12:46,11.1595,48.1967,57,71,84.75800000000001,5.12
272,acarau,NZ,2023-10-30 06:12:47,-40.9167,175.0167,100,88,58.11799999999998,3.07
273,acheng,CN,2023-10-30 06:12:47,49.45,117.7,100,25,31.946000000000048,3.53
274,bay roberts,MV,2023-10-30 06:12:47,-0.6,73.0833,64,79,81.46400000000003,6.01
275,galle,US,2023-10-30 06:10:41,42.097,-79.2353,100,99,44.29399999999997,3.6
276,kulhudhuffushi,ES,2023-10-30 06:12:48,43.6623,-7.5934,65,79,60.51199999999996,8.48
277,klyuchi,RS,2023-10-30 06:12:48,44.804,20.4651,0,48,72.608,3.6
278,mirny,IQ,2023-10-30 06:12:48,33.0381,40.2848,100,32,79.25,2.08
279,tanout,AU,2023-10-30 06:12:48,-42.7826,147.0587,66,84,53.366000000000014,1.92
280,dongola,RU,2023-10-30 06:12:49,63.0128,112.4714,100,95,9.5,2.7
281,lebu,PT,2023-10-30 06:12:49,32.65,-17.0667,84,73,73.4,2.45
282,antofagasta,ID,2023-10-30 06:12:50,-0.619,100.12,64,84,80.924,2.43
283,olinda,MG,2023-10-30 06:12:50,-23.35,43.6667,7,56,82.09399999999997,7.23
284,ryotsu-minato,ET,2023-10-30 06:12:50,10.7167,39.8667,48,50,77.558,3.38
285,vorkuta,GB,2023-10-30 06:11:39,51.7522,-1.256,0,86,57.25399999999995,3.6
286,malango,US,2023-10-30 06:12:50,19.5933,-154.9731,75,96,73.30999999999997,3.09
287,canico,CL,2023-10-30 06:12:51,-41.8697,-73.8203,94,79,44.24000000000002,5.5
288,tolanaro,BR,2023-10-30 06:12:51,-10.4389,-62.4664,33,78,74.42599999999999,1.1
289,bandipura,AS,2023-10-30 06:12:51,-14.2336,-169.5144,24,80,80.97799999999997,10.62
290,callao,CN,2023-10-30 06:12:52,23.8997,106.6133,100,76,74.89399999999998,1.21
291,sao tome,AR,2023-10-30 06:12:52,-31.2503,-61.4867,60,67,68.26999999999995,3.58
292,itamaraca,GU,2023-10-30 06:12:52,13.4626,144.6933,0,84,84.52400000000002,4.12
293,langepas,AF,2023-10-30 06:12:52,32.6268,65.8733,2,15,78.40399999999995,2.01
294,chibougamau,RU,2023-10-30 06:12:52,62.6683,131.1683,100,96,12.05600000000003,2.31
295,acapulco de juarez,CN,2023-10-30 06:12:53,31.1667,97.2333,93,37,38.76799999999999,0.96
296,xianning,US,2023-10-30 06:12:53,45.8191,-108.4149,0,63,26.761999999999954,7.72
297,xining,GR,2023-10-30 06:12:53,38.435,22.8739,0,53,74.20999999999998,1.82
298,itajuba,ZA,2023-10-30 06:11:04,-33.0117,17.9442,0,35,69.63800000000005,6.22
299,bokhan,NC,2023-10-30 06:12:54,-21.0595,164.8658,4,69,66.91999999999996,2.1
300,nuuk,US,2023-10-30 06:12:54,32.7941,-79.8626,0,97,65.26400000000004,0
301,walvis bay,TK,2023-10-30 06:12:54,-8.5421,-172.5159,9,75,84.41600000000001,6.54
302,dadukou,RU,2023-10-30 06:12:54,67.4667,78.7,13,92,4.783999999999992,0.79
303,zhalantun,CF,2023-10-30 06:12:55,4.1178,15.1393,77,67,83.55199999999998,2.56
304,as sulayyil,SA,2023-10-30 06:12:55,20.4607,45.5779,65,22,88.32200000000003,5.3
305,camocim,RU,2023-10-30 06:12:20,51.6667,135.7,69,87,31.60399999999995,1.92
306,labrador city,UA,2023-10-30 06:12:56,45.0333,35.3833,1,68,65.48000000000005,3.54
307,ancud,VN,2023-10-30 06:12:56,10.346,107.0843,66,80,83.67799999999997,6.44
308,puerto ayora,US,2023-10-30 06:12:56,20.9219,-156.3051,0,82,76.316,3.6
309,dhidhdhoo,TN,2023-10-30 06:12:56,36.8476,11.0939,89,78,77.59399999999997,11.92
310,guiglo,LY,2023-10-30 06:11:18,24.9647,10.1728,0,15,86.63000000000005,1.81
311,laem sing,GF,2023-10-30 06:12:57,4.9167,-52.2667,75,94,77.30600000000004,1.54
312,kamaishi,,,,,,,,
313,bumba,RU,2023-10-30 06:12:58,48.4642,135.4567,100,35,48.811999999999955,3.58
314,katabu,CA,2023-10-30 06:12:58,54.7804,-127.1743,37,91,27.57200000000004,0.26
315,codajas,,,,,,,,
316,hadithah,MH,2023-10-30 06:12:58,11.3474,162.3373,67,72,84.59600000000006,8.06
317,flying fish cove,AR,2023-10-30 06:12:59,-40.8135,-62.9967,0,35,45.806000000000026,5.37
318,kivioli,NA,2023-10-30 06:09:41,-22.9575,14.5053,6,62,67.118,5.25
319,tabou,RU,2023-10-30 06:12:59,62.7161,129.6658,100,96,7.988000000000046,1.91
320,rawson,PK,2023-10-30 06:12:59,28.8947,64.4101,38,17,87.06199999999995,2.98
321,alofi,TR,2023-10-30 06:13:00,41.0645,39.1438,71,68,71.31199999999995,3.11
322,fuvahmulah,GL,2023-10-30 06:13:01,66.9395,-53.6735,92,66,31.748000000000026,3.6
323,ouellah,WF,2023-10-30 06:13:01,-13.2816,-176.1745,1,73,83.48000000000005,2.85
324,nova sintra,GL,2023-10-30 06:13:01,68.7098,-52.8699,100,93,18.751999999999974,4.89
325,aban,BO,2023-10-30 06:13:01,-19.0333,-65.2627,51,76,57.16400000000003,1.56
326,san antonio del tachira,CV,2023-10-30 06:13:02,14.9215,-23.5087,40,65,83.20999999999998,3.6
327,bengkulu,IN,2023-10-30 06:11:51,12.5,75,98,86,79.57400000000001,2.29
328,takamaka,CV,2023-10-30 06:13:02,14.8667,-24.7167,98,63,74.30000000000001,0.87
329,catumbela,BA,2023-10-30 06:13:03,43.8222,17.6092,24,42,66.81199999999995,2.89
330,george town,ID,2023-10-30 06:13:03,-0.8667,134.0833,38,80,80.49199999999999,0.4
331,laascaanood,MY,2023-10-30 06:13:03,5.4112,100.3354,20,70,87.99800000000002,3.09
332,lazaro cardenas,IN,2023-10-30 06:11:27,27.1333,81.9333,46,34,85.78399999999999,2.4
333,karungdong,CA,2023-10-30 06:12:33,56.2501,-117.286,100,91,25.93399999999999,0.86
334,richards bay,ZM,2023-10-30 06:13:04,-15.7691,28.1814,94,44,84.39800000000002,5.55
335,mayahi,BT,2023-10-30 06:13:04,27.6679,91.1839,23,75,68.82799999999997,2.56
336,bolgatanga,RU,2023-10-30 06:13:04,49.0869,140.2543,56,79,39.2,1.42
337,burela de cabo,US,2023-10-30 06:13:05,41.7057,-70.2286,100,96,54.28399999999999,3.6
338,papao,TN,2023-10-30 06:13:05,37.05,11.0144,91,68,79.39399999999998,11.94
339,viqueque,BR,2023-10-30 06:13:05,-30.1811,-50.2056,52,87,69.44000000000003,3.49
340,illizi,MG,2023-10-30 06:13:05,-22.2833,44.5167,0,16,96.36799999999998,4.09
341,pengcheng,CN,2023-10-30 06:13:06,32.3174,121.1855,0,74,70.17799999999997,4.85
342,port lincoln,NP,2023-10-30 06:13:06,26.8418,88.0763,23,66,68.234,1.35
343,gueoul,LT,2023-10-30 06:13:07,55.1667,26,100,82,54.10399999999996,5.63
344,mahdia,CL,2023-10-30 06:13:07,-42.6128,-73.8092,96,98,38.67799999999996,1.09
345,kiunga,CD,2023-10-30 06:10:09,0.5167,25.2,76,43,93.63200000000002,1.97
346,mount gambier,IS,2023-10-30 06:13:08,65.6835,-18.0878,0,86,17.798000000000023,1.54
347,tillaberi,GB,2023-10-30 06:13:08,57.5953,-4.4272,100,77,48.41600000000001,5.85
348,veraval,ID,2023-10-30 06:13:08,-9.4467,124.4781,87,70,77.05399999999995,2.3
349,talodi,CN,2023-10-30 06:13:08,23.0964,109.6092,78,78,75.23599999999996,1.65
350,asau village,BY,2023-10-30 06:13:09,52.4089,31.3237,67,68,62.29399999999997,6.98
351,leh,RU,2023-10-30 06:13:09,57.8506,114.1933,98,48,20.44399999999997,1.56
352,zaozersk,RU,2023-10-30 06:13:09,56.8944,74.371,100,74,27.338000000000044,5.47
353,new norfolk,AU,2023-10-30 06:13:10,-12.497,131.047,100,66,87.98000000000005,1.73
354,dire,UG,2023-10-30 06:13:10,0.0644,32.4469,20,69,77.59399999999997,3.09
355,college,LY,2023-10-30 06:13:10,30.7554,20.2263,73,49,78.61999999999996,1.88
356,la paz,US,2023-10-30 06:11:21,29.8269,-82.5968,3,96,63.14000000000002,1.34
357,rio preto da eva,PE,2023-10-30 06:13:11,-16.0833,-69.6667,29,38,42.20600000000003,1.98
358,touros,US,2023-10-30 06:13:11,60.5544,-151.2583,100,85,41.41400000000003,6.69
359,mugia,CF,2023-10-30 06:13:12,5.718,19.0739,93,62,86.99000000000002,2.37
360,fort bragg,PK,2023-10-30 06:13:12,31.8359,71.4362,0,19,90.03200000000001,1.71
361,les sables-d'olonne,IN,2023-10-30 06:13:12,18.4167,84.05,5,60,82.49000000000002,5.19
362,hazorasp,RU,2023-10-30 06:13:12,44.0306,145.8556,0,76,46.65199999999997,1.21
363,goldap,BY,2023-10-30 06:13:12,54.8731,26.9359,97,81,54.446000000000055,6.42
364,floro,RU,2023-10-30 06:13:13,66,111.5,100,98,-2.8660000000000068,2.8
365,mili,,,,,,,,
366,shingu,CA,2023-10-30 06:13:13,56.7268,-111.381,100,74,24.583999999999993,2.57
367,san antonio de pale,IN,2023-10-30 06:13:13,22.0833,85.35,5,45,81.10399999999996,2.53
368,tanabe,ID,2023-10-30 06:13:13,-2.5333,140.7,100,83,80.25800000000001,4.93
369,tsiombe,CI,2023-10-30 06:13:14,5.1367,-5.0242,7,68,85.49600000000005,2.91
370,carutapera,JP,2023-10-30 06:13:14,33.7333,135.9833,0,83,58.73000000000005,1.77
371,grodzisk wielkopolski,YE,2023-10-30 06:13:14,13.9833,44.3833,76,57,69.13399999999999,3.46
372,lerwick,GB,2023-10-30 06:13:14,50.724,-1.2758,100,85,57.25399999999995,4.02
373,saint-philippe,KE,2023-10-30 06:13:15,3.9366,41.867,100,72,78.15199999999999,2.63
374,sitka,,,,,,,,
375,shulan,RU,2023-10-30 06:13:15,65.5333,72.5167,11,87,12.235999999999965,1.19
376,hastings,BR,2023-10-30 06:13:16,-4.085,-63.1414,94,54,79.43000000000004,1.03
377,olanchito,SO,2023-10-30 06:13:16,-0.3582,42.5454,55,63,85.35199999999998,4.98
378,buala,CA,2023-10-30 06:13:16,52.3168,-112.7186,100,92,18.64399999999997,2.4
379,bikenibeu village,US,2023-10-30 06:13:17,34.8014,-106.5436,24,70,33.58399999999999,3.86
380,tarija,FR,2023-10-30 06:13:17,43.4018,3.6966,100,85,66.50600000000003,8.69
381,vila do maio,TO,2023-10-30 06:13:17,-18.65,-173.9833,26,88,77.19800000000004,10.68
382,ribeira brava,CA,2023-10-30 06:13:17,45.7668,-61.2985,100,91,41.68399999999999,2.44
383,toga village,,,,,,,,
384,salalah,BR,2023-10-30 06:12:40,-14.7972,-57.2881,67,64,80.13200000000002,1.08
385,konduga,NG,2023-10-30 06:13:18,11.65,7.2333,46,17,91.49000000000002,7.96
386,naracoorte,BR,2023-10-30 06:11:00,-3.3783,-68.8725,100,99,72.42799999999997,0.96
387,dingzhou,MN,2023-10-30 06:13:19,49.4783,100.8894,64,68,31.640000000000022,1.22
388,mitu,CI,2023-10-30 06:13:19,5.2118,-3.7388,4,68,84.434,2.6
389,sandnessjoen,RU,2023-10-30 06:13:19,60.3725,93.0408,100,85,11.840000000000021,1.34
390,ciudad bolivar,ES,2023-10-30 06:13:20,39.8885,4.2658,20,83,70.62799999999996,5.66
391,klaksvik,ML,2023-10-30 06:11:34,18.4411,1.4078,2,8,95.09000000000003,7.93
392,kajaani,,,,,,,,
393,tierralta,CI,2023-10-30 06:13:20,6.7297,-3.4964,8,59,87.89000000000001,1.12
394,benghazi,US,2023-10-30 06:13:21,30.2169,-90.9001,40,96,69.54800000000003,0
395,kievka,ES,2023-10-30 06:13:21,39.8526,4.2594,20,83,70.46600000000001,5.66
396,smithers,CO,2023-10-30 06:12:47,3.8653,-67.9239,99,98,72.76999999999995,1.09
397,westport,GY,2023-10-30 06:13:22,3.3803,-59.7968,15,73,78.22400000000002,4.8
398,barra de santo antonio,US,2023-10-30 06:11:46,34.6391,-120.4579,0,58,53.20399999999995,5.66
399,coahuayana de hidalgo,SB,2023-10-30 06:13:22,-8.7676,160.7034,100,90,78.24199999999999,2.23
400,seven pagodas,CN,2023-10-30 06:13:22,39.7432,98.5174,0,14,64.41799999999998,3.14
401,ulsteinvik,,,,,,,,
402,mawlaik,RU,2023-10-30 06:13:23,44.7561,136.2939,76,59,45.14000000000002,1.59
403,altay,PH,2023-10-30 06:13:23,14.0453,124.1694,99,85,80.69000000000003,6.02
404,kapa'a,BR,2023-10-30 06:12:01,-5.795,-35.2094,75,83,76.118,1.54
405,fuerte olimpo,LK,2023-10-30 06:13:24,6.024,80.7911,45,70,86.43200000000002,2.82
406,lethbridge,SD,2023-10-30 06:13:24,13.5167,35.7667,22,50,87.368,1.96
407,noumea,CL,2023-10-30 06:13:24,-43.1167,-73.6167,100,91,41.26999999999996,2.85
408,sal rei,US,2023-10-30 06:08:25,19.7297,-155.09,75,96,73.52599999999998,3.09
409,berdigestyakh,ID,2023-10-30 06:13:25,5.5577,95.3222,86,76,82.32799999999997,0.78
410,zinjibar,MX,2023-10-30 06:13:25,20.5333,-99.6333,47,93,57.41600000000001,2.18
411,poyarkovo,AS,2023-10-30 06:13:25,-14.3358,-170.72,75,78,82.61600000000001,6.69
412,puerto deseado,CF,2023-10-30 06:13:25,10.2849,22.7882,95,30,94.71199999999996,2.71
413,maun,NZ,2023-10-30 06:09:55,-41.2833,173.2833,100,80,55.940000000000026,2.42
414,calvi,BR,2023-10-30 06:13:26,-17.3411,-39.2208,82,72,77.03599999999997,4.14
415,giyani,RU,2023-10-30 06:13:26,53.1406,140.73,100,76,33.16999999999996,1.81
416,tantou,NC,2023-10-30 06:13:27,-22.2833,166.5833,10,72,64.65199999999999,2.17
417,filipstad,ET,2023-10-30 06:09:35,9.35,42.8,59,46,75.38000000000005,1.93
418,riyadh,RU,2023-10-30 06:13:27,56.6709,124.6491,92,92,5.756000000000029,2.7
419,ourilandia do norte,AR,2023-10-30 06:13:27,-38.926,-69.2086,0,10,40.40600000000003,2.68
420,clinton,GF,2023-10-30 06:13:28,5.6592,-53.7767,86,92,76.87400000000002,3
421,savannakhet,CN,2023-10-30 06:13:28,29.7333,115.9833,0,45,75.84800000000003,1.98
422,awjilah,ES,2023-10-30 06:13:28,42.7897,-4.8482,6,70,44.924000000000014,5.28
423,nema,CA,2023-10-30 06:09:22,46.3168,-79.4663,100,98,38.20999999999998,3.6
424,thalmassing,US,2023-10-30 06:13:28,42.1584,-72.3287,100,84,48.127999999999965,2.57
425,valley city,VI,2023-10-30 06:13:29,17.7397,-64.7388,75,89,81.31999999999996,6.69
426,victorica,AR,2023-10-30 06:13:29,-43.3002,-65.1023,40,53,44.79800000000002,5.82
427,mejit,BF,2023-10-30 06:13:29,10.9667,-3.25,0,25,97.15999999999998,1.54
428,nadi,US,2023-10-30 06:13:29,44.9369,-91.3929,0,77,24.25999999999998,4.12
429,luanda,RU,2023-10-30 06:13:30,58.0458,63.696,100,80,28.34600000000005,4.54
430,campamento,CM,2023-10-30 06:13:30,2.9333,11.9833,99,77,80.13200000000002,1.6
431,cabo san lucas,RU,2023-10-30 06:13:30,55.7833,109.55,21,59,21.272000000000034,1.34
432,hameenkyro,SA,2023-10-30 06:13:31,29.5,38.75,60,49,72.75199999999998,5.51
433,laojunmiao,UY,2023-10-30 06:13:31,-34.9667,-54.95,100,96,59.377999999999965,10.8
434,brandfort,ZA,2023-10-30 06:13:31,-31.8976,26.8753,7,30,59.39600000000005,8.89
435,giado,GB,2023-10-30 06:10:44,51.5877,-2.9984,98,87,58.946000000000055,4.86
436,manokwari,BR,2023-10-30 06:13:32,-5.1989,-35.4608,38,56,81.55399999999995,7.39
437,rio de janeiro,AR,2023-10-30 06:13:32,-30.7264,-64.8039,2,69,54.37400000000001,13.76
438,ati,IS,2023-10-30 06:13:32,65.7461,-19.6394,82,81,30.74000000000002,3.54
439,gamba,AU,2023-10-30 06:13:33,-12.4611,130.8418,0,57,88.05199999999998,4.63
440,caleta de carquin,AR,2023-10-30 06:13:33,-36.3132,-57.6792,100,87,49.766000000000005,3.09
441,yamada,RU,2023-10-30 06:13:33,62.0989,126.6992,65,100,-3.5500000000000043,0.68
442,antsiranana,CA,2023-10-30 06:13:33,53.7168,-113.2187,100,67,30.308000000000003,2.21
443,fannuj,JP,2023-10-30 06:13:34,33.2833,134.15,1,56,65.69600000000005,1.54
444,amuntai,CN,2023-10-30 06:13:34,18.2431,109.505,100,84,78.81799999999998,2.92
445,sydney,AU,2023-10-30 06:13:34,-38.3333,143.5833,70,59,52.44800000000002,6.3
446,portland,IN,2023-10-30 06:13:35,34.2,74.35,1,21,71.41999999999996,1.22
447,markovo,RU,2023-10-30 06:13:35,51.5,46.1167,97,60,42.51199999999996,1.79
448,merizo village,ES,2023-10-30 06:13:35,43.1041,-9.2179,99,73,61.17799999999997,9.9
449,san julian,KI,2023-10-30 06:13:36,1.3673,173.1241,40,74,86.234,1.54
450,kayangel,RE,2023-10-30 06:13:36,-21.3393,55.4781,75,61,84.14600000000004,2.57
451,quang ngai,FM,2023-10-30 06:13:36,5.3248,163.0078,63,74,84.63200000000002,5.88
452,vrangel',,,,,,,,
453,airuk,MX,2023-10-30 06:13:37,17.0385,-92.1891,100,99,64.99399999999997,0.37
454,curillo,,,,,,,,
455,toliara,ES,2023-10-30 06:13:37,41.6167,0.6167,0,84,63.067999999999984,2.57
456,saurimo,CM,2023-10-30 06:13:37,4.0333,14.9333,69,61,84.57799999999997,2.57
457,tengrela,UZ,2023-10-30 06:13:38,41.55,61.0167,90,31,77.18000000000004,1.38
458,ust-tsilma,US,2023-10-30 06:08:57,30.3158,-89.2475,0,93,66.52400000000002,2.06
459,palmer,CN,2023-10-30 06:13:38,33.0728,107.0303,0,64,67.40600000000003,0.57
460,nar'yan-mar,ID,2023-10-30 06:13:39,-2.9627,119.9001,60,85,71.95999999999998,0.55
461,vilhena,MV,2023-10-30 06:13:39,6.8833,73.1,100,76,80.27599999999998,2.24
462,hampton bays,MA,2023-10-30 06:13:39,32.8627,-6.5736,97,65,64.958,4.58
463,durango,CA,2023-10-30 06:12:47,48.9332,-55.6649,25,78,31.76600000000001,4.19
464,nukunonu,BR,2023-10-30 06:13:40,-3.3542,-64.7114,47,79,76.26199999999996,1.15
465,de aar,CN,2023-10-30 06:13:40,32.4367,119.5508,0,49,71.16799999999998,2.07
466,trincomalee,IE,2023-10-30 06:13:40,52.05,-9.5167,75,93,50.32400000000001,0
467,zag,JP,2023-10-30 06:13:40,37.05,136.9667,91,80,58.58599999999997,2.16
468,bukama,GB,2023-10-30 06:13:41,50.8243,-4.5413,62,90,55.274000000000015,0.45
469,cannonvale,GU,2023-10-30 06:13:41,13.3886,144.6585,0,85,84.57799999999997,4.12
470,temirlanovka,LR,2023-10-30 06:13:41,4.6797,-8.2339,2,66,85.226,2.02
471,truro,NC,2023-10-30 06:13:41,-21.55,167.8833,4,68,67.80199999999998,4.46
472,mazamari,FR,2023-10-30 06:13:42,47.5105,6.9996,95,68,56.04800000000003,3.11
473,baker city,BR,2023-10-30 06:13:42,-3.1022,-67.9397,48,98,72.08599999999997,0.75
474,torghay,FM,2023-10-30 06:13:42,6.9248,158.1611,100,74,81.608,2.57
475,hirara,MA,2023-10-30 06:13:43,32.53,-1.95,95,34,68.88200000000002,2.89
476,grand gaube,AU,2023-10-30 06:13:43,-15.7667,128.7333,52,49,91.65199999999999,4.63
477,san jose village,IS,2023-10-30 06:13:43,65.2653,-14.3948,20,93,23.180000000000042,2.57
478,sabang,IN,2023-10-30 06:13:44,10.5669,72.642,99,70,82.59800000000003,2.3
479,hamilton,ZW,2023-10-30 06:11:13,-20.9333,29,100,82,55.75999999999998,7.23
480,pakuranga,US,2023-10-30 06:13:44,43.0362,-70.8328,100,91,49.11799999999998,2.06
481,salinopolis,ZM,2023-10-30 06:13:45,-11.7358,24.4293,100,48,79.79000000000002,2.2
482,piti village,SE,2023-10-30 06:13:45,56.1997,12.558,90,87,54.71600000000001,8.64
483,nuku'alofa,PK,2023-10-30 06:11:48,25.1216,62.3254,1,57,85.35199999999998,6.24
484,shangzhi,BR,2023-10-30 06:09:50,-13.275,-50.1628,89,52,83.19200000000001,1.19
485,ciudad lazaro cardenas,AU,2023-10-30 06:13:46,-23.7,133.8833,32,6,89.41999999999996,3.09
486,edd,AR,2023-10-30 06:13:46,-28.4875,-59.3551,100,95,71.94200000000001,4.93
487,guarapari,RU,2023-10-30 06:13:46,55.6078,37.7956,100,99,34.682000000000016,5.5
488,gemena,CA,2023-10-30 06:10:18,54.1502,-115.6855,100,76,28.688000000000045,1.25
489,soio,IN,2023-10-30 06:10:20,27.9167,96.1667,1,62,80.63599999999997,0.27
490,ust'-barguzin,RU,2023-10-30 06:13:47,55.8252,34.2736,100,100,41.63000000000004,7.94
491,lamia,,,,,,,,
492,tanjung pandan,YE,2023-10-30 06:13:47,12.65,54.0333,97,68,83.26400000000004,4.75
493,polyarnyy,NO,2023-10-30 06:13:48,62.4723,6.1549,0,59,42.601999999999975,9.26
494,khamis mushait,FR,2023-10-30 06:13:48,47.7065,-3.3834,75,93,54.48200000000001,0.51
495,kalymnos,TR,2023-10-30 06:13:48,39.2725,36.751,100,34,66.55999999999997,2.82
496,sorong,US,2023-10-30 06:13:48,55.3422,-131.6461,100,87,43.05199999999998,0
497,miguel aleman (la doce),FR,2023-10-30 06:13:49,43.652,3.5509,100,86,67.226,6.61
498,nyzhni sirohozy,MX,2023-10-30 06:13:49,26.1167,-103.45,20,82,67.67599999999999,3.2
499,extrema,ES,2023-10-30 06:13:49,41.3535,-1.6432,100,70,55.184,7
500,bridgewater,CA,2023-10-30 06:13:50,52.9463,-66.9114,100,79,21.380000000000038,1.54
501,fort mcmurray,US,2023-10-30 06:13:50,47.1219,-88.569,100,90,31.082000000000015,1.79
502,willemstad,AR,2023-10-30 06:13:50,-37.2639,-56.973,100,67,51.33200000000002,0.56
503,tarakan,PY,2023-10-30 06:13:50,-21.0415,-57.8738,56,53,84.03800000000004,3.6
504,port saint john's,BR,2023-10-30 06:13:51,-15.2261,-59.3353,39,67,77.84600000000006,1.17
505,richmond hill,MH,2023-10-30 06:13:51,11.1635,166.8941,97,81,83.78599999999997,9.41
506,as-suwayda,RU,2023-10-30 06:13:51,62.59,50.8594,100,89,27.032000000000018,1.36
507,kalabo,MY,2023-10-30 06:13:51,5.3302,103.1408,58,75,83.55199999999998,1.65
508,bardai,MR,2023-10-30 06:13:52,17.0481,-13.9209,8,32,88.55600000000004,1.77
509,laramie,ZA,2023-10-30 06:13:52,-28.783,32.0377,81,57,66.434,7.55
510,severodvinsk,ES,2023-10-30 06:13:52,38.8333,-2,40,72,60.08000000000004,9.26
511,margate,US,2023-10-30 06:13:52,59.6425,-151.5483,100,82,46.075999999999986,1.79
512,taoudenni,RU,2023-10-30 06:13:53,61.2544,75.2124,57,82,17.69000000000002,2.99
513,qa'en,CL,2023-10-30 06:12:18,-39.8142,-73.2459,100,98,41.26999999999996,0.94
514,sisimiut,FR,2023-10-30 06:13:54,48.75,-3.4167,98,95,53.27599999999999,0.45
515,onguday,CA,2023-10-30 06:13:54,54.0524,-128.6534,27,73,25.448000000000025,0.98
516,olyokminsk,CA,2023-10-30 06:13:36,49.8167,-94.4337,75,92,20.048000000000023,2.68
517,novokazalinsk,SB,2023-10-30 06:13:54,-8.145,159.5921,100,84,80.618,1.45
518,chilaw,CF,2023-10-30 06:13:55,8.4109,20.6473,67,40,92.19200000000001,1.87
519,sergach,TZ,2023-10-30 06:13:55,-10.6833,35.65,15,26,90.33800000000005,4.16
520,trinidad,AU,2023-10-30 06:13:56,-20.3167,118.5667,40,83,82.72400000000002,6.69
521,puyang chengguanzhen,IN,2023-10-30 06:13:56,21.7786,87.7536,0,54,84.55999999999997,1.63
522,santa luzia,YE,2023-10-30 06:13:56,14.5425,49.1242,100,57,83.75,4.49
523,karamay,AU,2023-10-30 06:13:56,-20.7333,139.5,75,48,84.23599999999996,3.6
524,howard springs,RU,2023-10-30 06:13:57,67.5,64,48,97,0.7700000000000102,1.63
525,nasir,GR,2023-10-30 06:11:52,37.6333,22.7333,0,41,73.058,1.52
526,dul'durga,BR,2023-10-30 06:13:57,-2.8856,-40.12,85,70,80.43800000000005,8.19
527,tindouf,MT,2023-10-30 06:13:58,35.8311,14.4742,0,65,78.584,7.72
528,plastun,RU,2023-10-30 06:13:58,59.5833,151.2833,6,65,14.414000000000033,1.78
529,vila velha,ID,2023-10-30 06:13:58,-2.6333,140.5833,40,83,79.88000000000005,1.03
530,yamagata,RU,2023-10-30 06:13:59,66.9672,30.3491,70,93,17.924000000000014,0.57
531,trang,TR,2023-10-30 06:13:59,41.8036,35.2011,80,68,69.83599999999997,4.71
532,takoradi,ID,2023-10-30 06:13:59,-8.5356,118.4622,78,61,85.67599999999999,0.75
533,magistral'nyy,IR,2023-10-30 06:14:00,27.1467,57.0801,2,36,91.94000000000003,4.91
534,ifrane,CN,2023-10-30 06:14:00,31.7667,104.7167,100,73,67.226,0.91
535,port shepstone,SO,2023-10-30 06:14:00,7.9803,49.8164,85,63,85.47799999999997,5.9
536,kovalam,RU,2023-10-30 06:14:00,52.0333,113.55,100,33,24.241999999999997,3
537,karelichy,US,2023-10-30 06:13:51,45.5234,-122.6762,0,64,45.71600000000001,5.36
538,yanchep,UZ,2023-10-30 06:14:01,38.694,65.6751,0,16,86.52200000000005,1.03
539,slave lake,US,2023-10-30 06:14:02,42.2506,-75.833,100,90,51.727999999999966,2.57
540,keflavik,NO,2023-10-30 06:14:02,66.0217,12.6316,40,80,30.685999999999968,2.57
541,ishigaki,NG,2023-10-30 06:10:32,6.5833,3.75,100,74,85.44200000000001,1.05
542,prince rupert,JP,2023-10-30 06:14:03,34.6667,138.95,10,70,57.38000000000004,1.09
543,abong mbang,LV,2023-10-30 06:14:04,57.3894,21.5606,20,100,48.398000000000025,1.54
544,eyl,BF,2023-10-30 06:14:04,11.75,-2.9333,1,20,97.75399999999995,2.6
545,farafangana,RU,2023-10-30 06:14:04,54.4418,61.2536,98,94,33.49399999999997,4.31
546,hayma',IS,2023-10-30 06:14:05,64.5383,-21.9206,79,77,39.524000000000015,2.64
547,el bagre,AU,2023-10-30 06:14:05,-30.9833,150.25,5,28,72.35600000000002,2.46
548,namibe,PL,2023-10-30 06:14:05,50.0138,20.987,75,65,65.26400000000004,4.59
549,skiathos,AF,2023-10-30 06:09:07,33.2957,61.9522,5,13,83.01199999999996,5.96
550,nouadhibou,IN,2023-10-30 06:09:20,15.4,73.8,20,74,85.53200000000001,4.63
551,itigi,SE,2023-10-30 06:10:24,65.3172,21.4794,46,79,17.95999999999998,1.41
552,sao vicente,CL,2023-10-30 06:14:06,-27.3667,-70.3333,33,56,62.07799999999996,0.66
553,lima,TN,2023-10-30 06:14:07,35.1676,8.8365,63,19,80.924,9.16
554,tofol,AU,2023-10-30 06:14:07,-34.7333,135.8667,45,71,56.06600000000001,7.79
555,rio san juan,IT,2023-10-30 06:14:07,37.7077,12.4999,60,73,80.74399999999997,14.2
556,nordstemmen,NO,2023-10-30 06:14:08,63.4681,10.9262,0,80,30.182000000000016,2.57
557,north bend,VE,2023-10-30 06:14:08,4.6167,-61.1333,9,75,68.45,1.37
558,hami,US,2023-10-30 06:14:08,37.3138,-121.0208,51,29,46.561999999999955,0.55
559,sabha,CD,2023-10-30 06:14:09,0.5,29.4667,10,43,85.00999999999999,1.85
560,kataragama,BR,2023-10-30 06:14:09,-9.0744,-44.3586,7,35,80.38399999999999,1.38
561,bardsir,CN,2023-10-30 06:14:09,40.6167,120.7167,48,50,57.938000000000045,3.3
562,isangel,,,,,,,,
563,tidjikja,SD,2023-10-30 06:14:10,12.9096,23.4741,11,13,93.59600000000006,3.79
564,kem',US,2023-10-30 06:14:10,42.9106,-76.7966,100,99,47.39000000000002,1.56
565,kralendijk,NA,2023-10-30 06:14:10,-28.45,18.7333,0,16,75.12799999999996,4.33
566,paracuru,ML,2023-10-30 06:14:11,22.6783,-3.9836,44,9,95.63000000000005,3.29
567,bontang,BO,2023-10-30 06:14:11,-17.3382,-66.2189,75,40,62.24000000000002,1.54
568,twin falls,US,2023-10-30 06:14:11,40.6734,-73.4365,100,92,58.33399999999999,1.54
569,akureyri,BR,2023-10-30 06:14:12,-11.0483,-45.1931,58,34,78.83599999999997,2.32
570,lamu,MY,2023-10-30 06:14:12,1.55,110.3333,40,98,86.48599999999996,3.09
571,vikhorevka,US,2023-10-30 06:14:12,42.9873,-85.0711,100,95,38.01199999999996,3.6
572,rio grande,ZA,2023-10-30 06:11:02,-26.9802,26.6727,100,63,52.32200000000004,6.47
573,ballina,SN,2023-10-30 06:14:13,13.7539,-13.7586,0,70,86.32400000000001,2.06
574,jeongeup,US,2023-10-30 06:14:13,37.7733,-113.0244,0,58,25.75399999999995,1.54
575,razlog,RU,2023-10-30 06:14:13,56.801,59.9303,100,87,28.4,3
576,aracruz,RU,2023-10-30 06:14:13,45.9514,40.7006,32,40,66.23599999999996,2.46
577,mount pearl,IR,2023-10-30 06:14:14,31.6128,55.4107,74,15,84.79399999999998,1.42
578,sharypovo,LY,2023-10-30 06:14:14,30.3333,10.85,93,14,85.26199999999996,7.09
579,tucuma,NA,2023-10-30 06:14:14,-22.45,18.9667,1,10,90.23000000000005,0.5
580,katol,MM,2023-10-30 06:14:14,12.4333,98.6,100,76,84.48800000000006,1.48
581,karasburg,MX,2023-10-30 06:14:15,32.3333,-117.0333,0,24,62.94199999999999,3.53
582,grand rapids,DE,2023-10-30 06:14:15,50.8667,13.1667,84,66,65.22799999999997,4.65
583,pibor,MX,2023-10-30 06:14:16,27.9769,-114.0611,0,57,65.20999999999998,1
584,alo,DE,2023-10-30 06:14:16,50.9333,6.95,0,75,61.08800000000005,5.14
585,puerto armuelles,SA,2023-10-30 06:14:16,25.0213,37.2685,0,54,84.97400000000002,4.23
586,pelhrimov,MW,2023-10-30 06:14:16,-16.92,35.262,97,77,77.14399999999998,4.16
587,alotau,AU,2023-10-30 06:14:17,-35.35,150.4667,100,43,75.03800000000004,1.72
588,port douglas,RU,2023-10-30 06:14:17,50.3741,103.2863,99,71,29.966000000000008,1.15
589,charikar,MA,2023-10-30 06:14:17,29.3797,-10.173,100,53,77.01799999999999,0.84
590,kashgar,JP,2023-10-30 06:14:17,31.6,131.3667,45,68,64.34600000000006,0.82
591,truth or consequences,RU,2023-10-30 06:12:19,51.6828,102.1408,67,46,31.208000000000006,0.45
592,pangai,AO,2023-10-30 06:14:18,-7.2312,12.8666,61,73,83.24600000000005,3.72
593,sangre grande,US,2023-10-30 06:14:18,37.5027,-122.4694,75,47,61.64600000000005,0
594,yemva,AU,2023-10-30 06:14:18,-41.0667,145.9167,86,68,52.71799999999999,5.16
595,veymandoo,AR,2023-10-30 06:14:19,-32.7912,-60.7282,20,87,54.248000000000026,14.92
596,midvagur,ML,2023-10-30 06:14:19,16.6362,1.637,32,7,96.44000000000003,6.66
597,arkhangel'sk,IN,2023-10-30 06:14:19,8.1333,77.3,100,73,83.11999999999996,0.93
598,bandarbeyla,US,2023-10-30 06:14:20,40.5982,-124.1573,0,87,43.98800000000004,4.12
599,gaigeturi,CA,2023-10-30 06:14:20,53.3168,-60.3315,20,63,27.175999999999988,5.14
600,pitkyaranta,ML,2023-10-30 06:14:20,13.9623,-5.3572,90,26,94.35199999999998,3.12
601,yelizovo,CR,2023-10-30 06:14:20,9.4236,-84.1652,100,89,76.35199999999998,1.09
602,nanao,PG,2023-10-30 06:14:21,-2.0226,147.2712,100,85,78.92599999999999,3.09
603,kruisfontein,UA,2023-10-30 06:14:21,49.0171,25.798,100,44,64.72400000000002,4.83
604,brooks,EG,2023-10-30 06:14:21,25.4514,30.5464,0,26,90.06799999999998,3.25
605,bubaque,,,,,,,,
606,suva,RU,2023-10-30 06:14:22,61.0305,42.4925,71,61,26.366000000000007,1.92
607,cooma,BJ,2023-10-30 06:14:22,6.4965,2.6036,73,63,89.15,2.13
608,al burayqah,GB,2023-10-30 06:14:23,53.7311,0.0335,100,93,51.36799999999998,3.04
609,puerto aysen,UA,2023-10-30 06:11:14,48.3264,31.5285,92,43,68.07200000000003,8.46
610,gimbi,CN,2023-10-30 06:14:23,23.6363,102.8264,96,71,69.458,1.57
611,kuala terengganu,RU,2023-10-30 06:14:24,54.0033,90.2467,100,71,23.864000000000033,1.17
612,majdal shams,RU,2023-10-30 06:14:24,69.4058,86.1778,94,97,1.940000000000019,0.89
613,lumphat,AO,2023-10-30 06:14:24,-6.1349,12.3689,76,77,82.868,3.8
614,porto novo,BR,2023-10-30 06:14:24,-11.6725,-61.1936,33,76,75.00199999999998,0.14
615,san rafael del sur,KZ,2023-10-30 06:14:25,47.093,81.6294,100,95,51.83599999999997,1.91
616,island harbour,RU,2023-10-30 06:14:25,57.2471,58.7298,98,80,28.814000000000032,3.54
617,tasbuget,MX,2023-10-30 06:14:25,21.2311,-86.731,26,77,73.72400000000002,2.35
618,taiobeiras,RU,2023-10-30 06:14:26,59.5667,150.8,9,77,13.801999999999975,1.28
619,novo aripuana,BR,2023-10-30 06:14:26,-23.9931,-46.2564,98,26,81.15800000000002,1.63
620,rongelap,RU,2023-10-30 06:14:26,63.7553,121.6247,96,96,11.264000000000031,1.79
621,crane,IL,2023-10-30 06:14:27,29.5581,34.9482,0,33,87.90800000000002,0
622,nyurba,CA,2023-10-30 06:14:27,51.2167,-102.4677,100,80,26.708000000000006,5.14
623,mon,,,,,,,,
624,tsiolkovskiy,,,,,,,,
625,odienne,,,,,,,,
626,tranovaho,,,,,,,,
627,taltal,,,,,,,,
628,el galpon,,,,,,,,
629,kondrovo,,,,,,,,
